/* USER */
INSERT INTO user (id, first_name, name, birth_date, cpf, rg, password, email, primary_telephone, secondary_telephone, created_at, verified_at) VALUES ('821e3c677f2246af978cb6269cb15387', 'Alex', 'Alex Brown', TIMESTAMP WITH TIME ZONE '1993-07-14T10:00:00Z', '86213939059', '222182428', '$2a$10$IsIgcBqRUf46ovyutI0wIuCZshtYAtrhO3JFutBkVKTIcTRNqY7kq', 'alex@gmail.com', '54991200038', '54991200038', NOW(), NOW());
INSERT INTO user (id, first_name, name, birth_date, cpf, rg, password, email, primary_telephone, secondary_telephone, created_at, verified_at) VALUES ('d16c83fe3a2e42b697b4503b203647f6', 'Maria', 'Maria Green', TIMESTAMP WITH TIME ZONE '2001-01-14T10:00:00Z', '67709960065', '355144724', '$2a$10$IsIgcBqRUf46ovyutI0wIuCZshtYAtrhO3JFutBkVKTIcTRNqY7kq', 'maria@gmail.com', '54991200038', '54991200038', NOW(), NOW());
INSERT INTO user (id, first_name, name, birth_date, cpf, rg, password, email, primary_telephone, secondary_telephone, created_at, verified_at) VALUES ('3a2bf7b892fa4a51bee3ae64a3c2286b', 'Cliente', 'Cliente Sobrenome', TIMESTAMP WITH TIME ZONE '1998-12-14T10:00:00Z', '61406233080', '365829171', '$2a$10$IsIgcBqRUf46ovyutI0wIuCZshtYAtrhO3JFutBkVKTIcTRNqY7kq', 'cliente@gmail.com', '54991200038', '54991200038', NOW(), NOW());
INSERT INTO user (id, first_name, name, birth_date, cpf, rg, password, email, primary_telephone, secondary_telephone, created_at, verified_at) VALUES ('8903af1936e244d9b649c3319f33be20', 'Operador', 'Operador Sobrenome', TIMESTAMP WITH TIME ZONE '1986-01-14T10:00:00Z', '56335885093', '360774246', '$2a$10$IsIgcBqRUf46ovyutI0wIuCZshtYAtrhO3JFutBkVKTIcTRNqY7kq', 'operador@gmail.com', '54991200038', '54991200038', NOW(), NOW());
INSERT INTO user (id, first_name, name, birth_date, cpf, rg, password, email, primary_telephone, secondary_telephone, created_at, verified_at) VALUES ('5b79649cf311465fb2d907355b56d08a', 'Administrador', 'Administrador Sobrenome', TIMESTAMP WITH TIME ZONE '1980-03-14T10:00:00Z', '36825973010', '266166878', '$2a$10$IsIgcBqRUf46ovyutI0wIuCZshtYAtrhO3JFutBkVKTIcTRNqY7kq', 'administrador@gmail.com', '54991200038', '54991200038', NOW(), NOW());
INSERT INTO user (id, first_name, name, birth_date, cpf, rg, password, email, primary_telephone, secondary_telephone, created_at, verified_at) VALUES ('32de2852e42f4b1497bec60f2e9098f4', 'NãoVerificado', 'NãoVerificado Sobrenome', TIMESTAMP WITH TIME ZONE '2005-08-14T10:00:00Z', '65623542000', '497619301', '$2a$10$IsIgcBqRUf46ovyutI0wIuCZshtYAtrhO3JFutBkVKTIcTRNqY7kq', 'naoverificado@gmail.com', '54991200038', '54991200038', NOW(), null);

/* ADDRESS */
INSERT INTO address (id, user_id, nick, main, address, number, neighborhood, complement, reference_point, city, state, uf, postal_code, telephone, created_at) VALUES ('37783d1ef631408f8796e4da82c275e0', '821e3c677f2246af978cb6269cb15387', 'Casa', true, 'Rua Frederico Malvenzi', '65', 'São Pelegrino', 'AP 2', 'Próximo ao mercado Nova Era', 'Erechim', 'Rio Grande do Sul', 'RS', '99700000', '54998204476', NOW());
INSERT INTO address (id, user_id, nick, main, address, number, neighborhood, reference_point, city, state, uf, postal_code, telephone, created_at) VALUES ('7e88c136b11c4879920f1193db6fef0f', 'd16c83fe3a2e42b697b4503b203647f6', 'Casa', true, 'Av João Pessoa', '44', 'São Pelegrino', 'Ao lado do Detran', 'Natalândia', 'Minas Gerais', 'MG', '38658000', '54991204478', NOW());
INSERT INTO address (id, user_id, nick, main, address, number, neighborhood, reference_point, city, state, uf, postal_code, telephone, created_at) VALUES ('6353293ad2b6400f997dd6935032a52f', '3a2bf7b892fa4a51bee3ae64a3c2286b', 'Casa', true, 'Rua Jacob Grommelmaier', '5545', 'Centro', 'Em frente ao La Bodega', 'Zumbi', 'Rio de Janeiro', 'RJ', '20000000', '54991204433', NOW());
INSERT INTO address (id, user_id, nick, main, address, number, neighborhood, reference_point, city, state, uf, postal_code, telephone, created_at) VALUES ('e9881540bc9f49b9a827eb4d5ff39887', '3a2bf7b892fa4a51bee3ae64a3c2286b', 'Casa mãe', false, 'Av Pedro Cabral', '1111', 'Nova Vila', 'Ao lado da Bella Casa', 'Erechim', 'Rio Grande do Sul', 'RS', '99700000', '54991204433', NOW());
INSERT INTO address (id, user_id, nick, main, address, number, neighborhood, complement, reference_point, city, state, uf, postal_code, telephone, created_at) VALUES ('bc9d79c69d514dbb926c00024e4cc456', '3a2bf7b892fa4a51bee3ae64a3c2286b', 'Meu trabalho', false, 'Av Rubia Gonçalves', '59', 'Centro', 'Sala 18', 'Edifício Blumenau', 'Erechim', 'Rio Grande do Sul', 'RS', '99700000', '54999204433', NOW());
INSERT INTO address (id, user_id, nick, main, address, number, neighborhood, reference_point, city, state, uf, postal_code, telephone, created_at) VALUES ('8c415152a72947a3a50a254e342a98a7', '8903af1936e244d9b649c3319f33be20', 'Casa', true, 'Rua Jacob Grommelmaier', '112', 'Monte Negro', 'Próx bar do Bilu', 'Zumbi', 'Minas Gerais', 'MG', '20000000', '54991209433', NOW());
INSERT INTO address (id, user_id, nick, main, address, number, neighborhood, complement, reference_point, city, state, uf, postal_code, telephone, created_at) VALUES ('ce698b0f6e114eff9794411b4067bb48', '5b79649cf311465fb2d907355b56d08a', 'Casa', true, 'Av Rubia Gonçalves', '59', 'Centro', 'Sala 15', 'Edifício Blumenau', 'Erechim', 'Rio Grande do Sul', 'RS', '99700000', '54991604433', NOW());
INSERT INTO address (id, user_id, nick, main, address, number, neighborhood, complement, reference_point, city, state, uf, postal_code, telephone, created_at) VALUES ('0d467479a9394b04a6d2889a2f98d25f', '32de2852e42f4b1497bec60f2e9098f4', 'Trabalho', true, 'Rua Francisco Chavier', '555', 'Centro', 'Sala 1', 'Edifício David', 'Passo Fundo', 'Rio Grande do Sul', 'RS', '99700000', '54991208433', NOW());

/* ROLE */
INSERT INTO role (id, name, created_at) VALUES ('18aace1ef36a4d71b4d1124387d9b63a', 'CLIENT', NOW());
INSERT INTO role (id, name, created_at) VALUES ('eb1ffb795dfb4b13b615eae094a06207', 'OPERATOR', NOW());
INSERT INTO role (id, name, created_at) VALUES ('5e0b121c9f124fd3a7e6179b5007149a', 'ADMIN', NOW());
INSERT INTO role (id, name, created_at) VALUES ('650861b5a7494ed1964bc72a1d4c5f0e', 'TEST', NOW());

/* PRIVILEGE */
INSERT INTO privilege (id, name, description, created_at) VALUES ('b770548751a140928b6291dccd76a41a', 'CONSULT_CATEGORIES', 'Allow consult categories', NOW());
INSERT INTO privilege (id, name, description, created_at) VALUES ('91f550d9548f4d09ac9c1a95219033f7', 'EDIT_CATEGORIES', 'Allow edit categories', NOW());
INSERT INTO privilege (id, name, description, created_at) VALUES ('ab7fab7304644f7cbc18069ff63a3dc9', 'CONSULT_USERS', 'Allow consult users', NOW());
INSERT INTO privilege (id, name, description, created_at) VALUES ('bafcfedf8f1c4f16b474351e347b13de', 'EDIT_USERS', 'Allow edit users', NOW());
INSERT INTO privilege (id, name, description, created_at) VALUES ('b7e8b3c9d42642f085945c46cd112aae', 'CONSULT_ADDRESSES', 'Allow consult addresses', NOW());
INSERT INTO privilege (id, name, description, created_at) VALUES ('a24dfd962b0645d1a4bbf3a2ed9e3539', 'EDIT_ADDRESSES', 'Allow edit addresses', NOW());
INSERT INTO privilege (id, name, description, created_at) VALUES ('37f3ddf2d8f14179ac7d7937f4501a0a', 'EDIT_FILE', 'Allow edit file', NOW());
INSERT INTO privilege (id, name, description, created_at) VALUES ('1b7e1912d4f440d2afa52dc214afefc2', 'CONSULT_PRODUCTS', 'Allow consult products', NOW());
INSERT INTO privilege (id, name, description, created_at) VALUES ('eb3c936fe2a9445c866c1df26bec56e3', 'EDIT_PRODUCTS', 'Allow edit products', NOW());
INSERT INTO privilege (id, name, description, created_at) VALUES ('c5ef538d9fe8459ba9a81cbb71f1ce30', 'CONSULT_ROLES', 'Allow consult roles', NOW());
INSERT INTO privilege (id, name, description, created_at) VALUES ('516ad67c6f7644aeb326d9875d6f7536', 'EDIT_ROLES', 'Allow edit roles', NOW());
INSERT INTO privilege (id, name, description, created_at) VALUES ('f9b5be9a56d147adb677b88164922401', 'CONSULT_USER_ROLES', 'Allow consult user roles', NOW());
INSERT INTO privilege (id, name, description, created_at) VALUES ('585a242f1058476c8656eafe1fed5812', 'EDIT_USER_ROLES', 'Allow edit user roles', NOW());

/* ROLE_PRIVILEGE */
INSERT INTO role_privilege (role_id, privilege_id) VALUES ('18aace1ef36a4d71b4d1124387d9b63a', 'b770548751a140928b6291dccd76a41a');
INSERT INTO role_privilege (role_id, privilege_id) VALUES ('eb1ffb795dfb4b13b615eae094a06207', 'b770548751a140928b6291dccd76a41a');
INSERT INTO role_privilege (role_id, privilege_id) VALUES ('eb1ffb795dfb4b13b615eae094a06207', '91f550d9548f4d09ac9c1a95219033f7');
INSERT INTO role_privilege (role_id, privilege_id) VALUES ('eb1ffb795dfb4b13b615eae094a06207', 'ab7fab7304644f7cbc18069ff63a3dc9');
INSERT INTO role_privilege (role_id, privilege_id) VALUES ('eb1ffb795dfb4b13b615eae094a06207', 'bafcfedf8f1c4f16b474351e347b13de');
INSERT INTO role_privilege (role_id, privilege_id) VALUES ('eb1ffb795dfb4b13b615eae094a06207', 'b7e8b3c9d42642f085945c46cd112aae');
INSERT INTO role_privilege (role_id, privilege_id) VALUES ('eb1ffb795dfb4b13b615eae094a06207', 'a24dfd962b0645d1a4bbf3a2ed9e3539');
INSERT INTO role_privilege (role_id, privilege_id) VALUES ('eb1ffb795dfb4b13b615eae094a06207', '37f3ddf2d8f14179ac7d7937f4501a0a');
INSERT INTO role_privilege (role_id, privilege_id) VALUES ('eb1ffb795dfb4b13b615eae094a06207', '1b7e1912d4f440d2afa52dc214afefc2');
INSERT INTO role_privilege (role_id, privilege_id) VALUES ('eb1ffb795dfb4b13b615eae094a06207', 'eb3c936fe2a9445c866c1df26bec56e3');
INSERT INTO role_privilege (role_id, privilege_id) VALUES ('eb1ffb795dfb4b13b615eae094a06207', 'c5ef538d9fe8459ba9a81cbb71f1ce30');
INSERT INTO role_privilege (role_id, privilege_id) VALUES ('eb1ffb795dfb4b13b615eae094a06207', '516ad67c6f7644aeb326d9875d6f7536');
INSERT INTO role_privilege (role_id, privilege_id) VALUES ('eb1ffb795dfb4b13b615eae094a06207', 'f9b5be9a56d147adb677b88164922401');
INSERT INTO role_privilege (role_id, privilege_id) VALUES ('eb1ffb795dfb4b13b615eae094a06207', '585a242f1058476c8656eafe1fed5812');
INSERT INTO role_privilege (role_id, privilege_id) VALUES ('5e0b121c9f124fd3a7e6179b5007149a', 'b770548751a140928b6291dccd76a41a');
INSERT INTO role_privilege (role_id, privilege_id) VALUES ('5e0b121c9f124fd3a7e6179b5007149a', '91f550d9548f4d09ac9c1a95219033f7');
INSERT INTO role_privilege (role_id, privilege_id) VALUES ('5e0b121c9f124fd3a7e6179b5007149a', 'ab7fab7304644f7cbc18069ff63a3dc9');
INSERT INTO role_privilege (role_id, privilege_id) VALUES ('5e0b121c9f124fd3a7e6179b5007149a', 'bafcfedf8f1c4f16b474351e347b13de');
INSERT INTO role_privilege (role_id, privilege_id) VALUES ('5e0b121c9f124fd3a7e6179b5007149a', 'b7e8b3c9d42642f085945c46cd112aae');
INSERT INTO role_privilege (role_id, privilege_id) VALUES ('5e0b121c9f124fd3a7e6179b5007149a', 'a24dfd962b0645d1a4bbf3a2ed9e3539');
INSERT INTO role_privilege (role_id, privilege_id) VALUES ('5e0b121c9f124fd3a7e6179b5007149a', '37f3ddf2d8f14179ac7d7937f4501a0a');
INSERT INTO role_privilege (role_id, privilege_id) VALUES ('5e0b121c9f124fd3a7e6179b5007149a', '1b7e1912d4f440d2afa52dc214afefc2');
INSERT INTO role_privilege (role_id, privilege_id) VALUES ('5e0b121c9f124fd3a7e6179b5007149a', 'eb3c936fe2a9445c866c1df26bec56e3');
INSERT INTO role_privilege (role_id, privilege_id) VALUES ('5e0b121c9f124fd3a7e6179b5007149a', 'c5ef538d9fe8459ba9a81cbb71f1ce30');
INSERT INTO role_privilege (role_id, privilege_id) VALUES ('5e0b121c9f124fd3a7e6179b5007149a', '516ad67c6f7644aeb326d9875d6f7536');
INSERT INTO role_privilege (role_id, privilege_id) VALUES ('5e0b121c9f124fd3a7e6179b5007149a', 'f9b5be9a56d147adb677b88164922401');
INSERT INTO role_privilege (role_id, privilege_id) VALUES ('5e0b121c9f124fd3a7e6179b5007149a', '585a242f1058476c8656eafe1fed5812');
INSERT INTO role_privilege (role_id, privilege_id) VALUES ('650861b5a7494ed1964bc72a1d4c5f0e', 'b770548751a140928b6291dccd76a41a');

/* USER_ROLE */
INSERT INTO user_role (user_id, role_id) VALUES ('821e3c677f2246af978cb6269cb15387', 'eb1ffb795dfb4b13b615eae094a06207');
INSERT INTO user_role (user_id, role_id) VALUES ('d16c83fe3a2e42b697b4503b203647f6', '5e0b121c9f124fd3a7e6179b5007149a');
INSERT INTO user_role (user_id, role_id) VALUES ('3a2bf7b892fa4a51bee3ae64a3c2286b', '18aace1ef36a4d71b4d1124387d9b63a');
INSERT INTO user_role (user_id, role_id) VALUES ('8903af1936e244d9b649c3319f33be20', 'eb1ffb795dfb4b13b615eae094a06207');
INSERT INTO user_role (user_id, role_id) VALUES ('5b79649cf311465fb2d907355b56d08a', '5e0b121c9f124fd3a7e6179b5007149a');
INSERT INTO user_role (user_id, role_id) VALUES ('32de2852e42f4b1497bec60f2e9098f4', '18aace1ef36a4d71b4d1124387d9b63a');

/*-------------------------------------------*/

/* CATEGORY */
INSERT INTO category (id, name, created_At) VALUES ('753dad792a1f4f5cbbd1317a53587518', 'Livros', NOW());
INSERT INTO category (id, name, created_At) VALUES ('431d856ecaf24367823a924ce46b2e02', 'Eletrônicos', NOW());
INSERT INTO category (id, name, created_At) VALUES ('5c2b2b987b7242dd8add9e97a2967e11', 'Computadores', NOW());
INSERT INTO category (id, name, created_At) VALUES ('5227c10fc81a4885b460dbfee6dcc019', 'Somente Para Testes', NOW());

/* PRODUCT */
INSERT INTO product (id, name, price, description, img_url, created_at) VALUES ('7c4125cc81164f118fc3f40a0775aec7', 'O Senhor dos Anéis', 190.0, 'Lorem ipsum dolor sit amet, consectetur adipiscing elit, sed do eiusmod tempor incididunt ut labore et dolore magna aliqua. Ut enim ad minim veniam, quis nostrud exercitation ullamco laboris nisi ut aliquip ex ea commodo consequat. Duis aute irure dolor in reprehenderit in voluptate velit esse cillum dolore eu fugiat nulla pariatur. Excepteur sint occaecat cupidatat non proident, sunt in culpa qui officia deserunt mollit anim id est laborum.', 'https://raw.githubusercontent.com/devsuperior/dscatalog-resources/master/backend/img/1-big.jpg', NOW());
INSERT INTO product (id, name, price, description, img_url, created_at) VALUES ('ff9d39d5717f471496889e75797c0ec0', 'Smart TV', 2190.0, 'Lorem ipsum dolor sit amet, consectetur adipiscing elit, sed do eiusmod tempor incididunt ut labore et dolore magna aliqua. Ut enim ad minim veniam, quis nostrud exercitation ullamco laboris nisi ut aliquip ex ea commodo consequat. Duis aute irure dolor in reprehenderit in voluptate velit esse cillum dolore eu fugiat nulla pariatur. Excepteur sint occaecat cupidatat non proident, sunt in culpa qui officia deserunt mollit anim id est laborum.', 'https://raw.githubusercontent.com/devsuperior/dscatalog-resources/master/backend/img/2-big.jpg', NOW());
INSERT INTO product (id, name, price, description, img_url, created_at) VALUES ('c8a0c055030a4e478acacf4634b98be5', 'Macbook Pro', 1250.0, 'Lorem ipsum dolor sit amet, consectetur adipiscing elit, sed do eiusmod tempor incididunt ut labore et dolore magna aliqua. Ut enim ad minim veniam, quis nostrud exercitation ullamco laboris nisi ut aliquip ex ea commodo consequat. Duis aute irure dolor in reprehenderit in voluptate velit esse cillum dolore eu fugiat nulla pariatur. Excepteur sint occaecat cupidatat non proident, sunt in culpa qui officia deserunt mollit anim id est laborum.', 'https://raw.githubusercontent.com/devsuperior/dscatalog-resources/master/backend/img/3-big.jpg', NOW());
INSERT INTO product (id, name, price, description, img_url, created_at) VALUES ('f758d7cf6005401293fc23afa45bf1ed', 'PC Gamer', 1200.0, 'Lorem ipsum dolor sit amet, consectetur adipiscing elit, sed do eiusmod tempor incididunt ut labore et dolore magna aliqua. Ut enim ad minim veniam, quis nostrud exercitation ullamco laboris nisi ut aliquip ex ea commodo consequat. Duis aute irure dolor in reprehenderit in voluptate velit esse cillum dolore eu fugiat nulla pariatur. Excepteur sint occaecat cupidatat non proident, sunt in culpa qui officia deserunt mollit anim id est laborum.', 'https://raw.githubusercontent.com/devsuperior/dscatalog-resources/master/backend/img/4-big.jpg', NOW());
INSERT INTO product (id, name, price, description, img_url, created_at) VALUES ('e7310910eb104694854ac95fcc7255eb', 'Rails for Dummies', 100.99, 'Lorem ipsum dolor sit amet, consectetur adipiscing elit, sed do eiusmod tempor incididunt ut labore et dolore magna aliqua. Ut enim ad minim veniam, quis nostrud exercitation ullamco laboris nisi ut aliquip ex ea commodo consequat. Duis aute irure dolor in reprehenderit in voluptate velit esse cillum dolore eu fugiat nulla pariatur. Excepteur sint occaecat cupidatat non proident, sunt in culpa qui officia deserunt mollit anim id est laborum.', 'https://raw.githubusercontent.com/devsuperior/dscatalog-resources/master/backend/img/5-big.jpg', NOW());
INSERT INTO product (id, name, price, description, img_url, created_at) VALUES ('c4c6609eb45e4821af0ca3f7bfd6f3a4', 'PC Gamer Ex', 1350.0, 'Lorem ipsum dolor sit amet, consectetur adipiscing elit, sed do eiusmod tempor incididunt ut labore et dolore magna aliqua. Ut enim ad minim veniam, quis nostrud exercitation ullamco laboris nisi ut aliquip ex ea commodo consequat. Duis aute irure dolor in reprehenderit in voluptate velit esse cillum dolore eu fugiat nulla pariatur. Excepteur sint occaecat cupidatat non proident, sunt in culpa qui officia deserunt mollit anim id est laborum.', 'https://raw.githubusercontent.com/devsuperior/dscatalog-resources/master/backend/img/6-big.jpg', NOW());
INSERT INTO product (id, name, price, description, img_url, created_at) VALUES ('759c2a96ea0f4287addbcacd5e73b0bf', 'PC Gamer X', 1350.0, 'Lorem ipsum dolor sit amet, consectetur adipiscing elit, sed do eiusmod tempor incididunt ut labore et dolore magna aliqua. Ut enim ad minim veniam, quis nostrud exercitation ullamco laboris nisi ut aliquip ex ea commodo consequat. Duis aute irure dolor in reprehenderit in voluptate velit esse cillum dolore eu fugiat nulla pariatur. Excepteur sint occaecat cupidatat non proident, sunt in culpa qui officia deserunt mollit anim id est laborum.', 'https://raw.githubusercontent.com/devsuperior/dscatalog-resources/master/backend/img/7-big.jpg', NOW());
INSERT INTO product (id, name, price, description, img_url, created_at) VALUES ('7d4536734fb744d1a2ce2857a93f9018', 'PC Gamer Alfa', 1850.0, 'Lorem ipsum dolor sit amet, consectetur adipiscing elit, sed do eiusmod tempor incididunt ut labore et dolore magna aliqua. Ut enim ad minim veniam, quis nostrud exercitation ullamco laboris nisi ut aliquip ex ea commodo consequat. Duis aute irure dolor in reprehenderit in voluptate velit esse cillum dolore eu fugiat nulla pariatur. Excepteur sint occaecat cupidatat non proident, sunt in culpa qui officia deserunt mollit anim id est laborum.', 'https://raw.githubusercontent.com/devsuperior/dscatalog-resources/master/backend/img/8-big.jpg', NOW());
INSERT INTO product (id, name, price, description, img_url, created_at) VALUES ('0187e60f451a4fe78e0ad9649e9a8751', 'PC Gamer Tera', 1950.0, 'Lorem ipsum dolor sit amet, consectetur adipiscing elit, sed do eiusmod tempor incididunt ut labore et dolore magna aliqua. Ut enim ad minim veniam, quis nostrud exercitation ullamco laboris nisi ut aliquip ex ea commodo consequat. Duis aute irure dolor in reprehenderit in voluptate velit esse cillum dolore eu fugiat nulla pariatur. Excepteur sint occaecat cupidatat non proident, sunt in culpa qui officia deserunt mollit anim id est laborum.', 'https://raw.githubusercontent.com/devsuperior/dscatalog-resources/master/backend/img/9-big.jpg', NOW());
INSERT INTO product (id, name, price, description, img_url, created_at) VALUES ('f778e30fc3294eaeaae1bb98f52ffbc6', 'PC Gamer Y', 1700.0, 'Lorem ipsum dolor sit amet, consectetur adipiscing elit, sed do eiusmod tempor incididunt ut labore et dolore magna aliqua. Ut enim ad minim veniam, quis nostrud exercitation ullamco laboris nisi ut aliquip ex ea commodo consequat. Duis aute irure dolor in reprehenderit in voluptate velit esse cillum dolore eu fugiat nulla pariatur. Excepteur sint occaecat cupidatat non proident, sunt in culpa qui officia deserunt mollit anim id est laborum.', 'https://raw.githubusercontent.com/devsuperior/dscatalog-resources/master/backend/img/10-big.jpg', NOW());
INSERT INTO product (id, name, price, description, img_url, created_at) VALUES ('8e9e066d46e5480aab8cf970436e2547', 'PC Gamer Nitro', 1450.0, 'Lorem ipsum dolor sit amet, consectetur adipiscing elit, sed do eiusmod tempor incididunt ut labore et dolore magna aliqua. Ut enim ad minim veniam, quis nostrud exercitation ullamco laboris nisi ut aliquip ex ea commodo consequat. Duis aute irure dolor in reprehenderit in voluptate velit esse cillum dolore eu fugiat nulla pariatur. Excepteur sint occaecat cupidatat non proident, sunt in culpa qui officia deserunt mollit anim id est laborum.', 'https://raw.githubusercontent.com/devsuperior/dscatalog-resources/master/backend/img/11-big.jpg', NOW());
INSERT INTO product (id, name, price, description, img_url, created_at) VALUES ('231182ad3108464e8e39a45cc39585a9', 'PC Gamer Card', 1850.0, 'Lorem ipsum dolor sit amet, consectetur adipiscing elit, sed do eiusmod tempor incididunt ut labore et dolore magna aliqua. Ut enim ad minim veniam, quis nostrud exercitation ullamco laboris nisi ut aliquip ex ea commodo consequat. Duis aute irure dolor in reprehenderit in voluptate velit esse cillum dolore eu fugiat nulla pariatur. Excepteur sint occaecat cupidatat non proident, sunt in culpa qui officia deserunt mollit anim id est laborum.', 'https://raw.githubusercontent.com/devsuperior/dscatalog-resources/master/backend/img/12-big.jpg', NOW());
INSERT INTO product (id, name, price, description, img_url, created_at) VALUES ('c82bd4472a954cc684a3a253871d8db0', 'PC Gamer Plus', 1350.0, 'Lorem ipsum dolor sit amet, consectetur adipiscing elit, sed do eiusmod tempor incididunt ut labore et dolore magna aliqua. Ut enim ad minim veniam, quis nostrud exercitation ullamco laboris nisi ut aliquip ex ea commodo consequat. Duis aute irure dolor in reprehenderit in voluptate velit esse cillum dolore eu fugiat nulla pariatur. Excepteur sint occaecat cupidatat non proident, sunt in culpa qui officia deserunt mollit anim id est laborum.', 'https://raw.githubusercontent.com/devsuperior/dscatalog-resources/master/backend/img/13-big.jpg', NOW());
INSERT INTO product (id, name, price, description, img_url, created_at) VALUES ('dba88c279c0441a8be7c804001fa58ec', 'PC Gamer Hera', 2250.0, 'Lorem ipsum dolor sit amet, consectetur adipiscing elit, sed do eiusmod tempor incididunt ut labore et dolore magna aliqua. Ut enim ad minim veniam, quis nostrud exercitation ullamco laboris nisi ut aliquip ex ea commodo consequat. Duis aute irure dolor in reprehenderit in voluptate velit esse cillum dolore eu fugiat nulla pariatur. Excepteur sint occaecat cupidatat non proident, sunt in culpa qui officia deserunt mollit anim id est laborum.', 'https://raw.githubusercontent.com/devsuperior/dscatalog-resources/master/backend/img/14-big.jpg', NOW());
INSERT INTO product (id, name, price, description, img_url, created_at) VALUES ('49c9067a05a3426e82a7f9b569f8638b', 'PC Gamer Weed', 2200.0, 'Lorem ipsum dolor sit amet, consectetur adipiscing elit, sed do eiusmod tempor incididunt ut labore et dolore magna aliqua. Ut enim ad minim veniam, quis nostrud exercitation ullamco laboris nisi ut aliquip ex ea commodo consequat. Duis aute irure dolor in reprehenderit in voluptate velit esse cillum dolore eu fugiat nulla pariatur. Excepteur sint occaecat cupidatat non proident, sunt in culpa qui officia deserunt mollit anim id est laborum.', 'https://raw.githubusercontent.com/devsuperior/dscatalog-resources/master/backend/img/15-big.jpg', NOW());
INSERT INTO product (id, name, price, description, img_url, created_at) VALUES ('661914038fb54878bd162613ae8d9b03', 'PC Gamer Max', 2340.0, 'Lorem ipsum dolor sit amet, consectetur adipiscing elit, sed do eiusmod tempor incididunt ut labore et dolore magna aliqua. Ut enim ad minim veniam, quis nostrud exercitation ullamco laboris nisi ut aliquip ex ea commodo consequat. Duis aute irure dolor in reprehenderit in voluptate velit esse cillum dolore eu fugiat nulla pariatur. Excepteur sint occaecat cupidatat non proident, sunt in culpa qui officia deserunt mollit anim id est laborum.', 'https://raw.githubusercontent.com/devsuperior/dscatalog-resources/master/backend/img/16-big.jpg', NOW());
INSERT INTO product (id, name, price, description, img_url, created_at) VALUES ('68c92865ec054ad28ba238fd44ae21c0', 'PC Gamer Turbo', 1280.0, 'Lorem ipsum dolor sit amet, consectetur adipiscing elit, sed do eiusmod tempor incididunt ut labore et dolore magna aliqua. Ut enim ad minim veniam, quis nostrud exercitation ullamco laboris nisi ut aliquip ex ea commodo consequat. Duis aute irure dolor in reprehenderit in voluptate velit esse cillum dolore eu fugiat nulla pariatur. Excepteur sint occaecat cupidatat non proident, sunt in culpa qui officia deserunt mollit anim id est laborum.', 'https://raw.githubusercontent.com/devsuperior/dscatalog-resources/master/backend/img/17-big.jpg', NOW());
INSERT INTO product (id, name, price, description, img_url, created_at) VALUES ('40ec2be8adc34d51847725d85a7f02e6', 'PC Gamer Hot', 1450.0, 'Lorem ipsum dolor sit amet, consectetur adipiscing elit, sed do eiusmod tempor incididunt ut labore et dolore magna aliqua. Ut enim ad minim veniam, quis nostrud exercitation ullamco laboris nisi ut aliquip ex ea commodo consequat. Duis aute irure dolor in reprehenderit in voluptate velit esse cillum dolore eu fugiat nulla pariatur. Excepteur sint occaecat cupidatat non proident, sunt in culpa qui officia deserunt mollit anim id est laborum.', 'https://raw.githubusercontent.com/devsuperior/dscatalog-resources/master/backend/img/18-big.jpg', NOW());
INSERT INTO product (id, name, price, description, img_url, created_at) VALUES ('87fdcec4f750427e854f9ff077d77843', 'PC Gamer Ez', 1750.0, 'Lorem ipsum dolor sit amet, consectetur adipiscing elit, sed do eiusmod tempor incididunt ut labore et dolore magna aliqua. Ut enim ad minim veniam, quis nostrud exercitation ullamco laboris nisi ut aliquip ex ea commodo consequat. Duis aute irure dolor in reprehenderit in voluptate velit esse cillum dolore eu fugiat nulla pariatur. Excepteur sint occaecat cupidatat non proident, sunt in culpa qui officia deserunt mollit anim id est laborum.', 'https://raw.githubusercontent.com/devsuperior/dscatalog-resources/master/backend/img/19-big.jpg', NOW());
INSERT INTO product (id, name, price, description, img_url, created_at) VALUES ('9b8b9726bda640d88ae8f5f554c751ad', 'PC Gamer Tr', 1650.0, 'Lorem ipsum dolor sit amet, consectetur adipiscing elit, sed do eiusmod tempor incididunt ut labore et dolore magna aliqua. Ut enim ad minim veniam, quis nostrud exercitation ullamco laboris nisi ut aliquip ex ea commodo consequat. Duis aute irure dolor in reprehenderit in voluptate velit esse cillum dolore eu fugiat nulla pariatur. Excepteur sint occaecat cupidatat non proident, sunt in culpa qui officia deserunt mollit anim id est laborum.', 'https://raw.githubusercontent.com/devsuperior/dscatalog-resources/master/backend/img/20-big.jpg', NOW());
INSERT INTO product (id, name, price, description, img_url, created_at) VALUES ('761e144200b64d15bf7da71dd17fca51', 'PC Gamer Tx', 1680.0, 'Lorem ipsum dolor sit amet, consectetur adipiscing elit, sed do eiusmod tempor incididunt ut labore et dolore magna aliqua. Ut enim ad minim veniam, quis nostrud exercitation ullamco laboris nisi ut aliquip ex ea commodo consequat. Duis aute irure dolor in reprehenderit in voluptate velit esse cillum dolore eu fugiat nulla pariatur. Excepteur sint occaecat cupidatat non proident, sunt in culpa qui officia deserunt mollit anim id est laborum.', 'https://raw.githubusercontent.com/devsuperior/dscatalog-resources/master/backend/img/21-big.jpg', NOW());
INSERT INTO product (id, name, price, description, img_url, created_at) VALUES ('568ce2981b4c4c21bdd02caa9a009eed', 'PC Gamer Er', 1850.0, 'Lorem ipsum dolor sit amet, consectetur adipiscing elit, sed do eiusmod tempor incididunt ut labore et dolore magna aliqua. Ut enim ad minim veniam, quis nostrud exercitation ullamco laboris nisi ut aliquip ex ea commodo consequat. Duis aute irure dolor in reprehenderit in voluptate velit esse cillum dolore eu fugiat nulla pariatur. Excepteur sint occaecat cupidatat non proident, sunt in culpa qui officia deserunt mollit anim id est laborum.', 'https://raw.githubusercontent.com/devsuperior/dscatalog-resources/master/backend/img/22-big.jpg', NOW());
INSERT INTO product (id, name, price, description, img_url, created_at) VALUES ('f933c03653c34b1eb2ff2e9f36470d36', 'PC Gamer Min', 2250.0, 'Lorem ipsum dolor sit amet, consectetur adipiscing elit, sed do eiusmod tempor incididunt ut labore et dolore magna aliqua. Ut enim ad minim veniam, quis nostrud exercitation ullamco laboris nisi ut aliquip ex ea commodo consequat. Duis aute irure dolor in reprehenderit in voluptate velit esse cillum dolore eu fugiat nulla pariatur. Excepteur sint occaecat cupidatat non proident, sunt in culpa qui officia deserunt mollit anim id est laborum.', 'https://raw.githubusercontent.com/devsuperior/dscatalog-resources/master/backend/img/23-big.jpg', NOW());
INSERT INTO product (id, name, price, description, img_url, created_at) VALUES ('3fd5175eb3c74e8886848892e5d49145', 'PC Gamer Boo', 2350.0, 'Lorem ipsum dolor sit amet, consectetur adipiscing elit, sed do eiusmod tempor incididunt ut labore et dolore magna aliqua. Ut enim ad minim veniam, quis nostrud exercitation ullamco laboris nisi ut aliquip ex ea commodo consequat. Duis aute irure dolor in reprehenderit in voluptate velit esse cillum dolore eu fugiat nulla pariatur. Excepteur sint occaecat cupidatat non proident, sunt in culpa qui officia deserunt mollit anim id est laborum.', 'https://raw.githubusercontent.com/devsuperior/dscatalog-resources/master/backend/img/24-big.jpg', NOW());
INSERT INTO product (id, name, price, description, img_url, created_at) VALUES ('638a3d4c095f48dcae7f16ca3d3b4751', 'PC Gamer Foo', 4170.0, 'Lorem ipsum dolor sit amet, consectetur adipiscing elit, sed do eiusmod tempor incididunt ut labore et dolore magna aliqua. Ut enim ad minim veniam, quis nostrud exercitation ullamco laboris nisi ut aliquip ex ea commodo consequat. Duis aute irure dolor in reprehenderit in voluptate velit esse cillum dolore eu fugiat nulla pariatur. Excepteur sint occaecat cupidatat non proident, sunt in culpa qui officia deserunt mollit anim id est laborum.', 'https://raw.githubusercontent.com/devsuperior/dscatalog-resources/master/backend/img/25-big.jpg', NOW());

/* PRODUCT_CATEGORY */
INSERT INTO product_category (product_id, category_id) VALUES ('7c4125cc81164f118fc3f40a0775aec7', '431d856ecaf24367823a924ce46b2e02');
INSERT INTO product_category (product_id, category_id) VALUES ('ff9d39d5717f471496889e75797c0ec0', '753dad792a1f4f5cbbd1317a53587518');
INSERT INTO product_category (product_id, category_id) VALUES ('ff9d39d5717f471496889e75797c0ec0', '5c2b2b987b7242dd8add9e97a2967e11');
INSERT INTO product_category (product_id, category_id) VALUES ('c8a0c055030a4e478acacf4634b98be5', '5c2b2b987b7242dd8add9e97a2967e11');
INSERT INTO product_category (product_id, category_id) VALUES ('f758d7cf6005401293fc23afa45bf1ed', '5c2b2b987b7242dd8add9e97a2967e11');
INSERT INTO product_category (product_id, category_id) VALUES ('e7310910eb104694854ac95fcc7255eb', '431d856ecaf24367823a924ce46b2e02');
INSERT INTO product_category (product_id, category_id) VALUES ('c4c6609eb45e4821af0ca3f7bfd6f3a4', '5c2b2b987b7242dd8add9e97a2967e11');
INSERT INTO product_category (product_id, category_id) VALUES ('759c2a96ea0f4287addbcacd5e73b0bf', '5c2b2b987b7242dd8add9e97a2967e11');
INSERT INTO product_category (product_id, category_id) VALUES ('7d4536734fb744d1a2ce2857a93f9018', '5c2b2b987b7242dd8add9e97a2967e11');
INSERT INTO product_category (product_id, category_id) VALUES ('0187e60f451a4fe78e0ad9649e9a8751', '5c2b2b987b7242dd8add9e97a2967e11');
INSERT INTO product_category (product_id, category_id) VALUES ('f778e30fc3294eaeaae1bb98f52ffbc6', '5c2b2b987b7242dd8add9e97a2967e11');
INSERT INTO product_category (product_id, category_id) VALUES ('8e9e066d46e5480aab8cf970436e2547', '5c2b2b987b7242dd8add9e97a2967e11');
INSERT INTO product_category (product_id, category_id) VALUES ('231182ad3108464e8e39a45cc39585a9', '5c2b2b987b7242dd8add9e97a2967e11');
INSERT INTO product_category (product_id, category_id) VALUES ('c82bd4472a954cc684a3a253871d8db0', '5c2b2b987b7242dd8add9e97a2967e11');
INSERT INTO product_category (product_id, category_id) VALUES ('dba88c279c0441a8be7c804001fa58ec', '5c2b2b987b7242dd8add9e97a2967e11');
INSERT INTO product_category (product_id, category_id) VALUES ('49c9067a05a3426e82a7f9b569f8638b', '5c2b2b987b7242dd8add9e97a2967e11');
INSERT INTO product_category (product_id, category_id) VALUES ('661914038fb54878bd162613ae8d9b03', '5c2b2b987b7242dd8add9e97a2967e11');
INSERT INTO product_category (product_id, category_id) VALUES ('68c92865ec054ad28ba238fd44ae21c0', '5c2b2b987b7242dd8add9e97a2967e11');
INSERT INTO product_category (product_id, category_id) VALUES ('40ec2be8adc34d51847725d85a7f02e6', '5c2b2b987b7242dd8add9e97a2967e11');
INSERT INTO product_category (product_id, category_id) VALUES ('87fdcec4f750427e854f9ff077d77843', '5c2b2b987b7242dd8add9e97a2967e11');
INSERT INTO product_category (product_id, category_id) VALUES ('9b8b9726bda640d88ae8f5f554c751ad', '5c2b2b987b7242dd8add9e97a2967e11');
INSERT INTO product_category (product_id, category_id) VALUES ('761e144200b64d15bf7da71dd17fca51', '5c2b2b987b7242dd8add9e97a2967e11');
INSERT INTO product_category (product_id, category_id) VALUES ('568ce2981b4c4c21bdd02caa9a009eed', '5c2b2b987b7242dd8add9e97a2967e11');
INSERT INTO product_category (product_id, category_id) VALUES ('f933c03653c34b1eb2ff2e9f36470d36', '5c2b2b987b7242dd8add9e97a2967e11');
INSERT INTO product_category (product_id, category_id) VALUES ('3fd5175eb3c74e8886848892e5d49145', '5c2b2b987b7242dd8add9e97a2967e11');
INSERT INTO product_category (product_id, category_id) VALUES ('638a3d4c095f48dcae7f16ca3d3b4751', '5c2b2b987b7242dd8add9e97a2967e11');