INSERT INTO user (first_name, last_name, email, primary_phone, secondary_phone, password) VALUES ('Alex', 'Brown', 'alex@gmail.com', '54987771565', '54955565654', '$2a$10$IsIgcBqRUf46ovyutI0wIuCZshtYAtrhO3JFutBkVKTIcTRNqY7kq');
INSERT INTO user (first_name, last_name, email, primary_phone, secondary_phone, password) VALUES ('Maria', 'Green', 'maria@gmail.com', '54957751665', '54978566654', '$2a$10$IsIgcBqRUf46ovyutI0wIuCZshtYAtrhO3JFutBkVKTIcTRNqY7kq');
INSERT INTO user (first_name, last_name, email, primary_phone, password) VALUES ('Cliente', 'Sobrenome', 'cliente@gmail.com', '54987771565', '$2a$10$IsIgcBqRUf46ovyutI0wIuCZshtYAtrhO3JFutBkVKTIcTRNqY7kq');
INSERT INTO user (first_name, last_name, email, primary_phone, secondary_phone, password) VALUES ('Operador', 'Sobrenome', 'operador@gmail.com', '54987771565', '5498142521', '$2a$10$IsIgcBqRUf46ovyutI0wIuCZshtYAtrhO3JFutBkVKTIcTRNqY7kq');
INSERT INTO user (first_name, last_name, email, primary_phone, password) VALUES ('Administrador', 'Sobrenome', 'administrador@gmail.com', '54987771565', '$2a$10$IsIgcBqRUf46ovyutI0wIuCZshtYAtrhO3JFutBkVKTIcTRNqY7kq');

INSERT INTO role (id, authority) VALUES ('CLI', 'ROLE_CLIENT');
INSERT INTO role (id, authority) VALUES ('OPR', 'ROLE_OPERATOR');
INSERT INTO role (id, authority) VALUES ('ADM', 'ROLE_ADMIN');
INSERT INTO role (id, authority) VALUES ('TES', 'ROLE_TEST');

INSERT INTO user_role (user_id, role_id) VALUES (1, 'CLI');
INSERT INTO user_role (user_id, role_id) VALUES (1, 'OPR');
INSERT INTO user_role (user_id, role_id) VALUES (2, 'CLI');
INSERT INTO user_role (user_id, role_id) VALUES (2, 'OPR');
INSERT INTO user_role (user_id, role_id) VALUES (2, 'ADM');
INSERT INTO user_role (user_id, role_id) VALUES (3, 'CLI');
INSERT INTO user_role (user_id, role_id) VALUES (4, 'CLI');
INSERT INTO user_role (user_id, role_id) VALUES (4, 'OPR');
INSERT INTO user_role (user_id, role_id) VALUES (5, 'CLI');
INSERT INTO user_role (user_id, role_id) VALUES (5, 'OPR');
INSERT INTO user_role (user_id, role_id) VALUES (5, 'ADM');

INSERT INTO address (user_id, nick, address, number, neighborhood, complement, reference_point, city, state, uf, postal_code, phone) VALUES (1, 'Casa', 'Rua Frederico Malvenzi', '1313', 'São Pelegrino', 'AP 2', 'Próximo ao mercado Nova Era', 'Erechim', 'Rio Grande do Sul', 'RS', '99700000', '54987771565');
INSERT INTO address (user_id, nick, address, number, neighborhood, reference_point, city, state, uf, postal_code, phone) VALUES (1, 'Casa mãe', 'Av Pedro Cabral', '1111', 'Nova Vila', 'Ao lado da Bella Casa', 'Erechim', 'Rio Grande do Sul', 'RS', '99700000', '54999625075');
INSERT INTO address (user_id, nick, address, number, neighborhood, complement, reference_point, city, state, uf, postal_code, phone) VALUES (1, 'Trabalho', 'Av Rubia Gonçalves', '59', 'Centro', 'Sala 18', 'Edifício Blumenau', 'Erechim', 'Rio Grande do Sul', 'RS', '99700000', '54987663022');
INSERT INTO address (user_id, nick, address, number, neighborhood, reference_point, city, state, uf, postal_code, phone) VALUES (2, 'Minha casa', 'Av João Pessoa', '44', 'São Pelegrino', 'Ao lado do Detran', 'Natalândia', 'Minas Gerais', 'MG', '38658000', '31998751123');
INSERT INTO address (user_id, nick, address, number, neighborhood, reference_point, city, state, uf, postal_code, phone) VALUES (3, 'Casa', 'Rua Jacob Grommelmaier', '5545', 'Centro', 'Em frente ao La Bodega', 'Zumbi', 'Rio de Janeiro', 'RJ', '20000000', '22993654785');

INSERT INTO category (name, created_At) VALUES ('Livros', NOW());
INSERT INTO category (name, created_At) VALUES ('Eletrônicos', NOW());
INSERT INTO category (name, created_At) VALUES ('Computadores', NOW());
INSERT INTO category (name, created_At) VALUES ('Somente Para Testes', NOW());

INSERT INTO product (name, price, date, description, img_url) VALUES ('O Senhor dos Anéis', 90.5, TIMESTAMP WITH TIME ZONE '2020-07-13T20:50:07.12345Z', 'Lorem ipsum dolor sit amet, consectetur adipiscing elit, sed do eiusmod tempor incididunt ut labore et dolore magna aliqua. Ut enim ad minim veniam, quis nostrud exercitation ullamco laboris nisi ut aliquip ex ea commodo consequat. Duis aute irure dolor in reprehenderit in voluptate velit esse cillum dolore eu fugiat nulla pariatur. Excepteur sint occaecat cupidatat non proident, sunt in culpa qui officia deserunt mollit anim id est laborum.', 'https://raw.githubusercontent.com/devsuperior/dscatalog-resources/master/backend/img/1-big.jpg');
INSERT INTO product (name, price, date, description, img_url) VALUES ('Smart TV', 2190.0, TIMESTAMP WITH TIME ZONE '2020-07-14T10:00:00Z', 'Lorem ipsum dolor sit amet, consectetur adipiscing elit, sed do eiusmod tempor incididunt ut labore et dolore magna aliqua. Ut enim ad minim veniam, quis nostrud exercitation ullamco laboris nisi ut aliquip ex ea commodo consequat. Duis aute irure dolor in reprehenderit in voluptate velit esse cillum dolore eu fugiat nulla pariatur. Excepteur sint occaecat cupidatat non proident, sunt in culpa qui officia deserunt mollit anim id est laborum.', 'https://raw.githubusercontent.com/devsuperior/dscatalog-resources/master/backend/img/2-big.jpg');
INSERT INTO product (name, price, date, description, img_url) VALUES ('Macbook Pro', 1250.0, TIMESTAMP WITH TIME ZONE '2020-07-14T10:00:00Z', 'Lorem ipsum dolor sit amet, consectetur adipiscing elit, sed do eiusmod tempor incididunt ut labore et dolore magna aliqua. Ut enim ad minim veniam, quis nostrud exercitation ullamco laboris nisi ut aliquip ex ea commodo consequat. Duis aute irure dolor in reprehenderit in voluptate velit esse cillum dolore eu fugiat nulla pariatur. Excepteur sint occaecat cupidatat non proident, sunt in culpa qui officia deserunt mollit anim id est laborum.', 'https://raw.githubusercontent.com/devsuperior/dscatalog-resources/master/backend/img/3-big.jpg');
INSERT INTO product (name, price, date, description, img_url) VALUES ('PC Gamer', 1200.0, TIMESTAMP WITH TIME ZONE '2020-07-14T10:00:00Z', 'Lorem ipsum dolor sit amet, consectetur adipiscing elit, sed do eiusmod tempor incididunt ut labore et dolore magna aliqua. Ut enim ad minim veniam, quis nostrud exercitation ullamco laboris nisi ut aliquip ex ea commodo consequat. Duis aute irure dolor in reprehenderit in voluptate velit esse cillum dolore eu fugiat nulla pariatur. Excepteur sint occaecat cupidatat non proident, sunt in culpa qui officia deserunt mollit anim id est laborum.', 'https://raw.githubusercontent.com/devsuperior/dscatalog-resources/master/backend/img/4-big.jpg');
INSERT INTO product (name, price, date, description, img_url) VALUES ('Rails for Dummies', 100.99, TIMESTAMP WITH TIME ZONE '2020-07-14T10:00:00Z', 'Lorem ipsum dolor sit amet, consectetur adipiscing elit, sed do eiusmod tempor incididunt ut labore et dolore magna aliqua. Ut enim ad minim veniam, quis nostrud exercitation ullamco laboris nisi ut aliquip ex ea commodo consequat. Duis aute irure dolor in reprehenderit in voluptate velit esse cillum dolore eu fugiat nulla pariatur. Excepteur sint occaecat cupidatat non proident, sunt in culpa qui officia deserunt mollit anim id est laborum.', 'https://raw.githubusercontent.com/devsuperior/dscatalog-resources/master/backend/img/5-big.jpg');
INSERT INTO product (name, price, date, description, img_url) VALUES ('PC Gamer Ex', 1350.0, TIMESTAMP WITH TIME ZONE '2020-07-14T10:00:00Z', 'Lorem ipsum dolor sit amet, consectetur adipiscing elit, sed do eiusmod tempor incididunt ut labore et dolore magna aliqua. Ut enim ad minim veniam, quis nostrud exercitation ullamco laboris nisi ut aliquip ex ea commodo consequat. Duis aute irure dolor in reprehenderit in voluptate velit esse cillum dolore eu fugiat nulla pariatur. Excepteur sint occaecat cupidatat non proident, sunt in culpa qui officia deserunt mollit anim id est laborum.', 'https://raw.githubusercontent.com/devsuperior/dscatalog-resources/master/backend/img/6-big.jpg');
INSERT INTO product (name, price, date, description, img_url) VALUES ('PC Gamer X', 1350.0, TIMESTAMP WITH TIME ZONE '2020-07-14T10:00:00Z', 'Lorem ipsum dolor sit amet, consectetur adipiscing elit, sed do eiusmod tempor incididunt ut labore et dolore magna aliqua. Ut enim ad minim veniam, quis nostrud exercitation ullamco laboris nisi ut aliquip ex ea commodo consequat. Duis aute irure dolor in reprehenderit in voluptate velit esse cillum dolore eu fugiat nulla pariatur. Excepteur sint occaecat cupidatat non proident, sunt in culpa qui officia deserunt mollit anim id est laborum.', 'https://raw.githubusercontent.com/devsuperior/dscatalog-resources/master/backend/img/7-big.jpg');
INSERT INTO product (name, price, date, description, img_url) VALUES ('PC Gamer Alfa', 1850.0, TIMESTAMP WITH TIME ZONE '2020-07-14T10:00:00Z', 'Lorem ipsum dolor sit amet, consectetur adipiscing elit, sed do eiusmod tempor incididunt ut labore et dolore magna aliqua. Ut enim ad minim veniam, quis nostrud exercitation ullamco laboris nisi ut aliquip ex ea commodo consequat. Duis aute irure dolor in reprehenderit in voluptate velit esse cillum dolore eu fugiat nulla pariatur. Excepteur sint occaecat cupidatat non proident, sunt in culpa qui officia deserunt mollit anim id est laborum.', 'https://raw.githubusercontent.com/devsuperior/dscatalog-resources/master/backend/img/8-big.jpg');
INSERT INTO product (name, price, date, description, img_url) VALUES ('PC Gamer Tera', 1950.0, TIMESTAMP WITH TIME ZONE '2020-07-14T10:00:00Z', 'Lorem ipsum dolor sit amet, consectetur adipiscing elit, sed do eiusmod tempor incididunt ut labore et dolore magna aliqua. Ut enim ad minim veniam, quis nostrud exercitation ullamco laboris nisi ut aliquip ex ea commodo consequat. Duis aute irure dolor in reprehenderit in voluptate velit esse cillum dolore eu fugiat nulla pariatur. Excepteur sint occaecat cupidatat non proident, sunt in culpa qui officia deserunt mollit anim id est laborum.', 'https://raw.githubusercontent.com/devsuperior/dscatalog-resources/master/backend/img/9-big.jpg');
INSERT INTO product (name, price, date, description, img_url) VALUES ('PC Gamer Y', 1700.0, TIMESTAMP WITH TIME ZONE '2020-07-14T10:00:00Z', 'Lorem ipsum dolor sit amet, consectetur adipiscing elit, sed do eiusmod tempor incididunt ut labore et dolore magna aliqua. Ut enim ad minim veniam, quis nostrud exercitation ullamco laboris nisi ut aliquip ex ea commodo consequat. Duis aute irure dolor in reprehenderit in voluptate velit esse cillum dolore eu fugiat nulla pariatur. Excepteur sint occaecat cupidatat non proident, sunt in culpa qui officia deserunt mollit anim id est laborum.', 'https://raw.githubusercontent.com/devsuperior/dscatalog-resources/master/backend/img/10-big.jpg');
INSERT INTO product (name, price, date, description, img_url) VALUES ('PC Gamer Nitro', 1450.0, TIMESTAMP WITH TIME ZONE '2020-07-14T10:00:00Z', 'Lorem ipsum dolor sit amet, consectetur adipiscing elit, sed do eiusmod tempor incididunt ut labore et dolore magna aliqua. Ut enim ad minim veniam, quis nostrud exercitation ullamco laboris nisi ut aliquip ex ea commodo consequat. Duis aute irure dolor in reprehenderit in voluptate velit esse cillum dolore eu fugiat nulla pariatur. Excepteur sint occaecat cupidatat non proident, sunt in culpa qui officia deserunt mollit anim id est laborum.', 'https://raw.githubusercontent.com/devsuperior/dscatalog-resources/master/backend/img/11-big.jpg');
INSERT INTO product (name, price, date, description, img_url) VALUES ('PC Gamer Card', 1850.0, TIMESTAMP WITH TIME ZONE '2020-07-14T10:00:00Z', 'Lorem ipsum dolor sit amet, consectetur adipiscing elit, sed do eiusmod tempor incididunt ut labore et dolore magna aliqua. Ut enim ad minim veniam, quis nostrud exercitation ullamco laboris nisi ut aliquip ex ea commodo consequat. Duis aute irure dolor in reprehenderit in voluptate velit esse cillum dolore eu fugiat nulla pariatur. Excepteur sint occaecat cupidatat non proident, sunt in culpa qui officia deserunt mollit anim id est laborum.', 'https://raw.githubusercontent.com/devsuperior/dscatalog-resources/master/backend/img/12-big.jpg');
INSERT INTO product (name, price, date, description, img_url) VALUES ('PC Gamer Plus', 1350.0, TIMESTAMP WITH TIME ZONE '2020-07-14T10:00:00Z', 'Lorem ipsum dolor sit amet, consectetur adipiscing elit, sed do eiusmod tempor incididunt ut labore et dolore magna aliqua. Ut enim ad minim veniam, quis nostrud exercitation ullamco laboris nisi ut aliquip ex ea commodo consequat. Duis aute irure dolor in reprehenderit in voluptate velit esse cillum dolore eu fugiat nulla pariatur. Excepteur sint occaecat cupidatat non proident, sunt in culpa qui officia deserunt mollit anim id est laborum.', 'https://raw.githubusercontent.com/devsuperior/dscatalog-resources/master/backend/img/13-big.jpg');
INSERT INTO product (name, price, date, description, img_url) VALUES ('PC Gamer Hera', 2250.0, TIMESTAMP WITH TIME ZONE '2020-07-14T10:00:00Z', 'Lorem ipsum dolor sit amet, consectetur adipiscing elit, sed do eiusmod tempor incididunt ut labore et dolore magna aliqua. Ut enim ad minim veniam, quis nostrud exercitation ullamco laboris nisi ut aliquip ex ea commodo consequat. Duis aute irure dolor in reprehenderit in voluptate velit esse cillum dolore eu fugiat nulla pariatur. Excepteur sint occaecat cupidatat non proident, sunt in culpa qui officia deserunt mollit anim id est laborum.', 'https://raw.githubusercontent.com/devsuperior/dscatalog-resources/master/backend/img/14-big.jpg');
INSERT INTO product (name, price, date, description, img_url) VALUES ('PC Gamer Weed', 2200.0, TIMESTAMP WITH TIME ZONE '2020-07-14T10:00:00Z', 'Lorem ipsum dolor sit amet, consectetur adipiscing elit, sed do eiusmod tempor incididunt ut labore et dolore magna aliqua. Ut enim ad minim veniam, quis nostrud exercitation ullamco laboris nisi ut aliquip ex ea commodo consequat. Duis aute irure dolor in reprehenderit in voluptate velit esse cillum dolore eu fugiat nulla pariatur. Excepteur sint occaecat cupidatat non proident, sunt in culpa qui officia deserunt mollit anim id est laborum.', 'https://raw.githubusercontent.com/devsuperior/dscatalog-resources/master/backend/img/15-big.jpg');
INSERT INTO product (name, price, date, description, img_url) VALUES ('PC Gamer Max', 2340.0, TIMESTAMP WITH TIME ZONE '2020-07-14T10:00:00Z', 'Lorem ipsum dolor sit amet, consectetur adipiscing elit, sed do eiusmod tempor incididunt ut labore et dolore magna aliqua. Ut enim ad minim veniam, quis nostrud exercitation ullamco laboris nisi ut aliquip ex ea commodo consequat. Duis aute irure dolor in reprehenderit in voluptate velit esse cillum dolore eu fugiat nulla pariatur. Excepteur sint occaecat cupidatat non proident, sunt in culpa qui officia deserunt mollit anim id est laborum.', 'https://raw.githubusercontent.com/devsuperior/dscatalog-resources/master/backend/img/16-big.jpg');
INSERT INTO product (name, price, date, description, img_url) VALUES ('PC Gamer Turbo', 1280.0, TIMESTAMP WITH TIME ZONE '2020-07-14T10:00:00Z', 'Lorem ipsum dolor sit amet, consectetur adipiscing elit, sed do eiusmod tempor incididunt ut labore et dolore magna aliqua. Ut enim ad minim veniam, quis nostrud exercitation ullamco laboris nisi ut aliquip ex ea commodo consequat. Duis aute irure dolor in reprehenderit in voluptate velit esse cillum dolore eu fugiat nulla pariatur. Excepteur sint occaecat cupidatat non proident, sunt in culpa qui officia deserunt mollit anim id est laborum.', 'https://raw.githubusercontent.com/devsuperior/dscatalog-resources/master/backend/img/17-big.jpg');
INSERT INTO product (name, price, date, description, img_url) VALUES ('PC Gamer Hot', 1450.0, TIMESTAMP WITH TIME ZONE '2020-07-14T10:00:00Z', 'Lorem ipsum dolor sit amet, consectetur adipiscing elit, sed do eiusmod tempor incididunt ut labore et dolore magna aliqua. Ut enim ad minim veniam, quis nostrud exercitation ullamco laboris nisi ut aliquip ex ea commodo consequat. Duis aute irure dolor in reprehenderit in voluptate velit esse cillum dolore eu fugiat nulla pariatur. Excepteur sint occaecat cupidatat non proident, sunt in culpa qui officia deserunt mollit anim id est laborum.', 'https://raw.githubusercontent.com/devsuperior/dscatalog-resources/master/backend/img/18-big.jpg');
INSERT INTO product (name, price, date, description, img_url) VALUES ('PC Gamer Ez', 1750.0, TIMESTAMP WITH TIME ZONE '2020-07-14T10:00:00Z', 'Lorem ipsum dolor sit amet, consectetur adipiscing elit, sed do eiusmod tempor incididunt ut labore et dolore magna aliqua. Ut enim ad minim veniam, quis nostrud exercitation ullamco laboris nisi ut aliquip ex ea commodo consequat. Duis aute irure dolor in reprehenderit in voluptate velit esse cillum dolore eu fugiat nulla pariatur. Excepteur sint occaecat cupidatat non proident, sunt in culpa qui officia deserunt mollit anim id est laborum.', 'https://raw.githubusercontent.com/devsuperior/dscatalog-resources/master/backend/img/19-big.jpg');
INSERT INTO product (name, price, date, description, img_url) VALUES ('PC Gamer Tr', 1650.0, TIMESTAMP WITH TIME ZONE '2020-07-14T10:00:00Z', 'Lorem ipsum dolor sit amet, consectetur adipiscing elit, sed do eiusmod tempor incididunt ut labore et dolore magna aliqua. Ut enim ad minim veniam, quis nostrud exercitation ullamco laboris nisi ut aliquip ex ea commodo consequat. Duis aute irure dolor in reprehenderit in voluptate velit esse cillum dolore eu fugiat nulla pariatur. Excepteur sint occaecat cupidatat non proident, sunt in culpa qui officia deserunt mollit anim id est laborum.', 'https://raw.githubusercontent.com/devsuperior/dscatalog-resources/master/backend/img/20-big.jpg');
INSERT INTO product (name, price, date, description, img_url) VALUES ('PC Gamer Tx', 1680.0, TIMESTAMP WITH TIME ZONE '2020-07-14T10:00:00Z', 'Lorem ipsum dolor sit amet, consectetur adipiscing elit, sed do eiusmod tempor incididunt ut labore et dolore magna aliqua. Ut enim ad minim veniam, quis nostrud exercitation ullamco laboris nisi ut aliquip ex ea commodo consequat. Duis aute irure dolor in reprehenderit in voluptate velit esse cillum dolore eu fugiat nulla pariatur. Excepteur sint occaecat cupidatat non proident, sunt in culpa qui officia deserunt mollit anim id est laborum.', 'https://raw.githubusercontent.com/devsuperior/dscatalog-resources/master/backend/img/21-big.jpg');
INSERT INTO product (name, price, date, description, img_url) VALUES ('PC Gamer Er', 1850.0, TIMESTAMP WITH TIME ZONE '2020-07-14T10:00:00Z', 'Lorem ipsum dolor sit amet, consectetur adipiscing elit, sed do eiusmod tempor incididunt ut labore et dolore magna aliqua. Ut enim ad minim veniam, quis nostrud exercitation ullamco laboris nisi ut aliquip ex ea commodo consequat. Duis aute irure dolor in reprehenderit in voluptate velit esse cillum dolore eu fugiat nulla pariatur. Excepteur sint occaecat cupidatat non proident, sunt in culpa qui officia deserunt mollit anim id est laborum.', 'https://raw.githubusercontent.com/devsuperior/dscatalog-resources/master/backend/img/22-big.jpg');
INSERT INTO product (name, price, date, description, img_url) VALUES ('PC Gamer Min', 2250.0, TIMESTAMP WITH TIME ZONE '2020-07-14T10:00:00Z', 'Lorem ipsum dolor sit amet, consectetur adipiscing elit, sed do eiusmod tempor incididunt ut labore et dolore magna aliqua. Ut enim ad minim veniam, quis nostrud exercitation ullamco laboris nisi ut aliquip ex ea commodo consequat. Duis aute irure dolor in reprehenderit in voluptate velit esse cillum dolore eu fugiat nulla pariatur. Excepteur sint occaecat cupidatat non proident, sunt in culpa qui officia deserunt mollit anim id est laborum.', 'https://raw.githubusercontent.com/devsuperior/dscatalog-resources/master/backend/img/23-big.jpg');
INSERT INTO product (name, price, date, description, img_url) VALUES ('PC Gamer Boo', 2350.0, TIMESTAMP WITH TIME ZONE '2020-07-14T10:00:00Z', 'Lorem ipsum dolor sit amet, consectetur adipiscing elit, sed do eiusmod tempor incididunt ut labore et dolore magna aliqua. Ut enim ad minim veniam, quis nostrud exercitation ullamco laboris nisi ut aliquip ex ea commodo consequat. Duis aute irure dolor in reprehenderit in voluptate velit esse cillum dolore eu fugiat nulla pariatur. Excepteur sint occaecat cupidatat non proident, sunt in culpa qui officia deserunt mollit anim id est laborum.', 'https://raw.githubusercontent.com/devsuperior/dscatalog-resources/master/backend/img/24-big.jpg');
INSERT INTO product (name, price, date, description, img_url) VALUES ('PC Gamer Foo', 4170.0, TIMESTAMP WITH TIME ZONE '2020-07-14T10:00:00Z', 'Lorem ipsum dolor sit amet, consectetur adipiscing elit, sed do eiusmod tempor incididunt ut labore et dolore magna aliqua. Ut enim ad minim veniam, quis nostrud exercitation ullamco laboris nisi ut aliquip ex ea commodo consequat. Duis aute irure dolor in reprehenderit in voluptate velit esse cillum dolore eu fugiat nulla pariatur. Excepteur sint occaecat cupidatat non proident, sunt in culpa qui officia deserunt mollit anim id est laborum.', 'https://raw.githubusercontent.com/devsuperior/dscatalog-resources/master/backend/img/25-big.jpg');

INSERT INTO product_category (product_id, category_id) VALUES (1, 2);
INSERT INTO product_category (product_id, category_id) VALUES (2, 1);
INSERT INTO product_category (product_id, category_id) VALUES (2, 3);
INSERT INTO product_category (product_id, category_id) VALUES (3, 3);
INSERT INTO product_category (product_id, category_id) VALUES (4, 3);
INSERT INTO product_category (product_id, category_id) VALUES (5, 2);
INSERT INTO product_category (product_id, category_id) VALUES (6, 3);
INSERT INTO product_category (product_id, category_id) VALUES (7, 3);
INSERT INTO product_category (product_id, category_id) VALUES (8, 3);
INSERT INTO product_category (product_id, category_id) VALUES (9, 3);
INSERT INTO product_category (product_id, category_id) VALUES (10, 3);
INSERT INTO product_category (product_id, category_id) VALUES (11, 3);
INSERT INTO product_category (product_id, category_id) VALUES (12, 3);
INSERT INTO product_category (product_id, category_id) VALUES (13, 3);
INSERT INTO product_category (product_id, category_id) VALUES (14, 3);
INSERT INTO product_category (product_id, category_id) VALUES (15, 3);
INSERT INTO product_category (product_id, category_id) VALUES (16, 3);
INSERT INTO product_category (product_id, category_id) VALUES (17, 3);
INSERT INTO product_category (product_id, category_id) VALUES (18, 3);
INSERT INTO product_category (product_id, category_id) VALUES (19, 3);
INSERT INTO product_category (product_id, category_id) VALUES (20, 3);
INSERT INTO product_category (product_id, category_id) VALUES (21, 3);
INSERT INTO product_category (product_id, category_id) VALUES (22, 3);
INSERT INTO product_category (product_id, category_id) VALUES (23, 3);
INSERT INTO product_category (product_id, category_id) VALUES (24, 3);
INSERT INTO product_category (product_id, category_id) VALUES (25, 3);